category,chapter,name
1,1,미니테스트 1회
1,2,미니테스트 2회
1,3,미니테스트 3회
1,4,미니테스트 4회
1,5,통합모의고사 1회
1,6,미니테스트 5회
1,7,미니테스트 6회
1,8,미니테스트 7회
1,9,미니테스트 8회
1,10,미니테스트 9회
1,11,미니테스트 10회
1,12,미니테스트 11회
1,13,미니테스트 12회
1,14,통합모의고사 2회
1,15,미니테스트 13회
1,16,미니테스트 14회
1,17,미니테스트 15회
1,18,미니테스트 16회
2,1,미니테스트 1회
2,2,미니테스트 2회
2,3,미니테스트 3회
2,4,미니테스트 4회
2,5,미니테스트 5회
2,6,미니테스트 6회
2,7,미니테스트 7회
2,8,미니테스트 8회
2,9,실전모의고사 1회
2,10,미니테스트 9회
2,11,미니테스트 10회
2,12,미니테스트 11회
2,13,미니테스트 12회
2,14,미니테스트 13회
2,15,미니테스트 14회
2,16,미니테스트 15회
2,17,미니테스트 16회
2,18,실전모의고사 2회
